Channel,URL
NewEngland BettyBoop,https://www.youtube.com/@newenglandbettyboop
Offbeat picker,https://www.youtube.com/@OffbeatPicker
Meeb Lit,https://www.youtube.com/@meeblit5763
Sizzle Flips,https://www.youtube.com/@sizzleflips2104
Smith Aminah,https://www.youtube.com/@smithaminah6408
Rielle Sells,https://www.youtube.com/@riellesells2685
Probinsyano - All is Well,https://www.youtube.com/@probinsyano-alliswell8790
Marcus Williams,https://www.youtube.com/@SYSRQUET
Ms.Sorcery,https://www.youtube.com/@MsSorceryAfterDark
WHY SO THRIFTY AKA Matt Ryan King,https://www.youtube.com/@MattRyanKing
WILD PEACH BTQ,https://www.youtube.com/@wildpeachbtq2130
Niki Capuli,https://www.youtube.com/@NikiCapuli
LifeOrdinary87,https://www.youtube.com/@LifeOrdinary87
Taylor Bell,https://www.youtube.com/@TaylorBell
Kinsmade -- Where Crafts are Family Tradition,https://www.youtube.com/@kinsmade--wherecraftsarefa7830
Omnia,https://www.youtube.com/@thechibishop4409
Bigg Ralph,https://www.youtube.com/@wordzbyralph
Toyologist,https://www.youtube.com/@Toyologist_23
Jennifer Wright,https://www.youtube.com/@jenniferwright7136
KBWorthSaving101,https://www.youtube.com/@KBWorthSaving101
SelfImproved,https://www.youtube.com/@selfimprovedd
TAWANDA LASHEA,https://www.youtube.com/@TLOVEDAILY
KOSMIC KRISTEN FASHION,https://www.youtube.com/@kosmickristenfashion
Eppykiora78,https://www.youtube.com/@Eppykiora
Leftover Luxe,https://www.youtube.com/@leftoverluxe4317
Thrifty Meg,https://www.youtube.com/@mmcgui81
FIXORA,https://www.youtube.com/@FIXORA2005
